Date,Home Team,Home Score,Away Team,Away Score
2011-08-19,McCluer,14,Kirkwood,51
2011-08-26,El Dorado Springs,27,Adrian,7
2011-08-26,Union,48,Affton,7
2011-08-26,Windsor,7,Archie,42
2011-08-26,Cleveland NJROTC,48,Beaumont,0
2011-08-26,Savannah,55,Bishop LeBlond,7
2011-08-26,Carrollton,27,Blair Oaks,56
2011-08-26,Rockhurst,35,Blue Springs,20
2011-08-26,Raytown South,0,Blue Springs South,29
2011-08-26,Pleasant Hill,27,Boonville,16
2011-08-26,Fair Grove,48,Buffalo,14
2011-08-26,Stockton with Sheldon,13,Butler,44
2011-08-26,Nixa,28,Camdenton,12
2011-08-26,Smithville,50,Cameron,7
2011-08-26,Branson,6,Carthage,34
2011-08-26,Mountain Grove,14,Cassville,35
2011-08-26,Central (Cape Girardeau),41,Central (New Madrid County),6
2011-08-26,Lift for Life Academy Charter,8,Central (Springfield),49
2011-08-26,Louisiana,14,Centralia,50
2011-08-26,Grandview (Hillsboro),7,Chaffee,42
2011-08-26,Marshall,12,Chillicothe,40
2011-08-26,Lafayette County,26,Concordia,28
2011-08-26,Rich Hill,0,Crest Ridge with Chilhowee,33
2011-08-26,Brentwood,21,Crystal City,35
2011-08-26,Ste. Genevieve,6,Dexter,28
2011-08-26,Lockwood,48,Diamond,6
2011-08-26,Appleton City,6,Drexel,49
2011-08-26,Rock Port,22,East Buchanan,54
2011-08-26,Hayti,40,East Prairie,10
2011-08-26,Richmond,48,Excelsior Springs,26
2011-08-26,Farmington,34,Festus,9
2011-08-26,Parkway South,19,Fox,6
2011-08-26,Troy Buchanan,20,Francis Howell Central,21
2011-08-26,Washington,42,Ft. Zumwalt East,50
2011-08-26,Duchesne,16,Ft. Zumwalt North,50
2011-08-26,St. Charles West,34,Ft. Zumwalt South,21
2011-08-26,Christian Brothers College,52,Ft. Zumwalt West,49
2011-08-26,Joplin,37,Glendale,50
2011-08-26,Platte County,49,Grain Valley,7
2011-08-26,Harrisonville,12,Helias Catholic,16
2011-08-26,Rock Bridge,33,Hickman,27
2011-08-26,Marshfield,40,Hollister,14
2011-08-26,Francis Howell,53,Holt,17
2011-08-26,Cabool,21,Houston,6
2011-08-26,Veritas Christian Academy,33,Jackson,30
2011-08-26,Winnetonka,7,Kearney,15
2011-08-26,Penney,46,King City,15
2011-08-26,Rockwood Summit,7,Kirkwood,36
2011-08-26,East (Kansas City),0,Lafayette (St. Joseph),49
2011-08-26,Eureka,28,Lafayette (Wildwood),35
2011-08-26,West Plains,19,Lebanon,47
2011-08-26,William Chrisman,28,Lee's Summit,40
2011-08-26,Fort Osage,35,Lee's Summit North,6
2011-08-26,Ash Grove,42,Liberal,6
2011-08-26,Park Hill,13,Liberty,7
2011-08-26,West Platte,48,Lincoln College Prep,21
2011-08-26,St. Paul Lutheran (Concordia),28,Lone Jack with Kingsville,21
2011-08-26,Bishop DuBourg,56,Lutheran South,40
2011-08-26,Kirksville,6,Macon,33
2011-08-26,Scott City with Chaffee,21,Malden,47
2011-08-26,Brookfield,47,Mark Twain,0
2011-08-26,Sumner,8,Marquette,30
2011-08-26,Lawson,0,Maryville,48
2011-08-26,Jefferson City,39,McCluer North,7
2011-08-26,Hillsboro,53,Mexico,25
2011-08-26,Orrick,0,Mid-Buchanan,56
2011-08-26,Maysville with Winston,0,Midway,35
2011-08-26,Greenfield,21,Miller,46
2011-08-26,Hallsville,40,Missouri Military Academy,0
2011-08-26,California,6,Moberly,21
2011-08-26,McDonald County,6,Monett,19
2011-08-26,Bowling Green,53,Montgomery County,36
2011-08-26,Logan-Rogersville,41,Mt. Vernon,6
2011-08-26,Bolivar,42,Neosho,0
2011-08-26,Warrensburg,27,Nevada,18
2011-08-26,Eldon,36,North Callaway,28
2011-08-26,Fredericktown,20,North County,34
2011-08-26,Central (St. Joseph),19,North Kansas City,7
2011-08-26,Gallatin with Tri-County,14,North Platte,21
2011-08-26,Westran,55,North Shelby,0
2011-08-26,Mehlville,43,Northwest (Cedar Hill),7
2011-08-26,Lexington,0,Oak Grove,6
2011-08-26,Liberty North,34,Oak Park,0
2011-08-26,Lindbergh,42,Oakville,0
2011-08-26,Holden,62,Odessa,19
2011-08-26,Grandview,14,O'Hara,38
2011-08-26,Fulton,0,Osage,54
2011-08-26,Marionville,7,Osceola,18
2011-08-26,Potosi,16,Owensville,40
2011-08-26,DeSoto,39,Pacific,21
2011-08-26,Monroe City,23,Paris,13
2011-08-26,Belton,0,Park Hill South,30
2011-08-26,Rolla,6,Parkview,13
2011-08-26,Ladue Horton Watkins,14,Parkway Central,31
2011-08-26,SLUH,35,Parkway North,38
2011-08-26,Herculaneum,27,Perryville,8
2011-08-26,Sarcoxie,20,Pierce City,36
2011-08-26,South Harrison,26,Plattsburg,7
2011-08-26,McAuley Catholic,41,"Pleasant Hope with Halfway, Marion C. Early",14
2011-08-26,Vashon,27,Poplar Bluff,25
2011-08-26,Albany,0,Princeton,38
2011-08-26,Clark County,49,Putnam County,14
2011-08-26,Lee's Summit West,49,Raymore-Peculiar,13
2011-08-26,Staley,30,Raytown,6
2011-08-26,Willow Springs,18,Reeds Spring,27
2011-08-26,Willard,13,Republic,34
2011-08-26,Braymer,20,Santa Fe,42
2011-08-26,Marceline,49,Schuyler County,8
2011-08-26,Salisbury,40,Scotland County,14
2011-08-26,Cole Camp,21,Skyline,33
2011-08-26,East Newton,15,Springfield Catholic,51
2011-08-26,St. Clair,28,St. Francis Borgia,43
2011-08-26,Lutheran St. Charles,7,St. Mary's South Side,35
2011-08-26,Smith-Cotton,34,St. Pius X (Kansas City),40
2011-08-26,Ava,41,Strafford,19
2011-08-26,Hermann,0,Sullivan,46
2011-08-26,Marquette,30,Sumner,8
2011-08-26,Sherwood,42,Sweet Springs,8
2011-08-26,Salem,14,Thayer,29
2011-08-26,Francis Howell North,34,Timberland,62
2011-08-26,Southern Boone,36,Tipton,58
2011-08-26,John F. Kennedy,13,Trinity Catholic,53
2011-08-26,Ruskin,28,Truman,42
2011-08-26,Center,35,University Academy Charter with Ewing Marion Kauffman,20
2011-08-26,Parkway West,47,University City,33
2011-08-26,Principia with Whitfield,6,Valle Catholic,54
2011-08-26,Renaissance Academy,14,Van Horn,19
2011-08-26,Poplar Bluff,25,Vashon,27
2011-08-26,Knob Noster,7,Versailles,42
2011-08-26,St. Charles,27,Warrenton,40
2011-08-26,Aurora,55,Warsaw,8
2011-08-26,Ozark,14,Webb City,38
2011-08-26,McCluer,12,Webster Groves,50
2011-08-26,Lincoln College Prep,21,West Platte,48
2011-08-26,Priory,27,Windsor (Imperial),29
2011-08-26,Clopton,58,Winfield,14
2011-08-26,Palmyra,40,Wright City,14
2011-08-27,McCluer South-Berkeley,52,Carnahan,28
2011-08-27,Liberty (Mountain View),36,Hogan Prep Academy Charter,20
2011-08-27,Transportation and Law,32,Jennings,58
2011-08-27,Jefferson City,39,McCluer North,7
2011-08-27,Carnahan,0,McCluer South-Berkeley,45
2011-08-27,Hazelwood East,55,Pattonville,0
2011-08-27,St. Mary's (Independence),21,Polo,44
2011-09-02,Archie,22,Adrian,21
2011-09-02,Priory,27,Affton,6
2011-09-02,Crest Ridge with Chilhowee,47,Albany,18
2011-09-02,Midway,57,Appleton City,0
2011-09-02,Willow Springs,20,Ava,34
2011-09-02,Truman,27,Belton,3
2011-09-02,Cardinal Ritter,49,Bishop DuBourg,7
2011-09-02,Benton,55,Bishop LeBlond,0
2011-09-02,Grain Valley,48,Blair Oaks,70
2011-09-02,Park Hill South,14,Blue Springs South,37
2011-09-02,Reeds Spring,7,Bolivar,71
2011-09-02,Salisbury,27,Braymer,0
2011-09-02,Marceline,0,Brookfield,41
2011-09-02,Hollister,14,Buffalo,38
2011-09-02,St. Mary's (Independence),14,Butler,61
2011-09-02,North Callaway,7,California,43
2011-09-02,Parkview,10,Camdenton,14
2011-09-02,Mt. Vernon,6,Carl Junction,27
2011-09-02,Trenton,41,Carrollton,0
2011-09-02,Kennett,7,Caruthersville,47
2011-09-02,Branson,14,Cassville,28
2011-09-02,St. Pius X (Kansas City),26,Center,13
2011-09-02,Festus,20,Central (Cape Girardeau),21
2011-09-02,Dexter,37,Central (Park Hills),27
2011-09-02,Warsaw,13,Central (Springfield),48
2011-09-02,Lee's Summit West,45,Central (St. Joseph),9
2011-09-02,Sikeston,43,Charleston,14
2011-09-02,Kirksville,28,Chillicothe,38
2011-09-02,Francis Howell Central,0,Christian Brothers College,64
2011-09-02,Scotland County,0,Clark County,49
2011-09-02,O'Hara,28,Clinton,14
2011-09-02,Wright City,14,Clopton,53
2011-09-02,Sacred Heart,14,Cole Camp,41
2011-09-02,Perryville,7,DeSoto,52
2011-09-02,Warrenton,23,Duchesne,33
2011-09-02,Strafford,21,East Newton,14
2011-09-02,Hannibal,6,Farmington,48
2011-09-02,Oak Park,12,Fort Osage,41
2011-09-02,Helias Catholic,7,Francis Howell,49
2011-09-02,Boonville,40,Fulton,3
2011-09-02,Mid-Buchanan,8,Gallatin with Tri-County,13
2011-09-02,Raytown South,42,Grandview,12
2011-09-02,East Prairie,29,Grandview (Hillsboro),14
2011-09-02,Osceola,25,Greenfield,0
2011-09-02,Cuba,0,Herculaneum,27
2011-09-02,Fredericktown,0,Hillsboro,42
2011-09-02,Oak Grove,40,Holden,0
2011-09-02,Hickman,30,Holt,7
2011-09-02,Lutheran St. Charles,18,John F. Kennedy,27
2011-09-02,Platte County,15,Kearney,16
2011-09-02,East Buchanan,40,King City,27
2011-09-02,El Dorado Springs,18,Lafayette County,67
2011-09-02,West Platte,36,Lawson,30
2011-09-02,Raymore-Peculiar,20,Lee's Summit,21
2011-09-02,Knob Noster,21,Lexington,35
2011-09-02,Pierce City,44,Liberal,6
2011-09-02,Crystal City,33,Lift for Life Academy Charter,0
2011-09-02,Lafayette (Wildwood),24,Lindbergh,21
2011-09-02,Monett,27,Logan-Rogersville,48
2011-09-02,Hayti,42,Malden,16
2011-09-02,Brentwood,7,Maplewood-Richmond Hts.,39
2011-09-02,"Pleasant Hope with Halfway, Marion C. Early",7,Marionville,36
2011-09-02,Oakville,28,Marquette,26
2011-09-02,Springfield Catholic,40,Marshfield,19
2011-09-02,McCluer,21,McCluer North,38
2011-09-02,Eureka,57,Mehlville,33
2011-09-02,Marshall,8,Mexico,34
2011-09-02,Diamond,0,Miller,56
2011-09-02,Macon,30,Monroe City,0
2011-09-02,Cabool,7,Mountain Grove,35
2011-09-02,Seneca,40,Nevada,0
2011-09-02,Republic,0,Nixa,35
2011-09-02,Liberty,21,North Kansas City,0
2011-09-02,Putnam County,59,North Shelby,7
2011-09-02,Vianney,17,Northwest (Cedar Hill),0
2011-09-02,Lafayette (St. Joseph),45,Odessa,6
2011-09-02,Montgomery County,21,Orchard Farm,0
2011-09-02,Moberly,8,Osage,20
2011-09-02,Carthage,6,Ozark,28
2011-09-02,Centralia,52,Palmyra,7
2011-09-02,Knox County,22,Paris,34
2011-09-02,Ruskin,0,Park Hill,23
2011-09-02,Jackson,0,Parkway South,42
2011-09-02,Polo,19,Penney,46
2011-09-02,Lathrop,10,Plattsburg,13
2011-09-02,Hogan Prep Academy Charter,12,Pleasant Hill,18
2011-09-02,Central (New Madrid County),0,Poplar Bluff,20
2011-09-02,Chaffee,47,Portageville,14
2011-09-02,Pacific,27,Potosi,12
2011-09-02,Maysville with Winston,0,Princeton,46
2011-09-02,Lee's Summit North,21,Raytown,41
2011-09-02,Cameron,7,Richmond,47
2011-09-02,Fox,0,Ritenour,39
2011-09-02,Concordia,73,Rock Port,0
2011-09-02,Parkway North,20,Rockwood Summit,38
2011-09-02,Kickapoo,20,Rolla,16
2011-09-02,Houston,6,Salem,40
2011-09-02,Jasper,6,Sarcoxie,56
2011-09-02,Excelsior Springs,14,Savannah,49
2011-09-02,St. Vincent,6,Scott City with Chaffee,27
2011-09-02,Parkway Central,42,Seckman,0
2011-09-02,Drexel,33,Sherwood,14
2011-09-02,Fair Grove,38,Skyline,12
2011-09-02,Santa Fe,62,Slater,6
2011-09-02,Ladue Horton Watkins,27,SLUH,49
2011-09-02,Warrensburg,27,Smith-Cotton,30
2011-09-02,Maryville,36,Smithville,30
2011-09-02,North Platte,28,South Harrison,9
2011-09-02,Versailles,21,Southern Boone,6
2011-09-02,Ft. Zumwalt North,65,St. Charles,42
2011-09-02,Ft. Zumwalt East,19,St. Charles West,28
2011-09-02,North County,0,St. Clair,24
2011-09-02,Trinity Catholic,27,St. Dominic,31
2011-09-02,Orrick,8,St. Paul Lutheran (Concordia),58
2011-09-02,Blue Springs,25,Staley,47
2011-09-02,Valle Catholic,27,Ste. Genevieve,38
2011-09-02,Ash Grove,35,Stockton with Sheldon,20
2011-09-02,Liberty (Mountain View),30,Thayer,22
2011-09-02,Fayette,7,Tipton,45
2011-09-02,Timberland,17,Troy Buchanan,34
2011-09-02,Ft. Zumwalt South,38,Washington,28
2011-09-02,Glendale,38,Waynesville,35
2011-09-02,University City,8,Webster Groves,44
2011-09-02,Joplin,35,West Plains,7
2011-09-02,Eldon,20,Westran,28
2011-09-02,Webb City,41,Willard,0
2011-09-02,Winnetonka,38,William Chrisman,12
2011-09-02,Sweet Springs,0,Windsor,41
2011-09-02,St. Mary's South Side,44,Windsor (Imperial),18
2011-09-03,McCluer South-Berkeley,28,Cleveland NJROTC,8
2011-09-03,Pattonville,0,Hazelwood Central,43
2011-09-03,MICDS,48,Lutheran South,7
2011-09-03,McCluer,7,McCluer North,28
2011-09-03,Winfield,26,Missouri Military Academy,0
2011-09-03,John Burroughs,59,Principia with Whitfield,0
2011-09-03,Rock Bridge,62,Riverview Gardens,12
2011-09-06,Normandy Collaborative,6,Jennings,20
2011-09-08,William Chrisman,20,Liberty North,47
2011-09-09,Drexel,30,Adrian,7
2011-09-09,Sherwood,54,Appleton City,24
2011-09-09,Tipton,48,Archie,7
2011-09-09,McAuley Catholic,6,Ash Grove,48
2011-09-09,Lincoln College Prep,0,Benton,45
2011-09-09,Marshall,0,Boonville,41
2011-09-09,Duchesne,41,Bowling Green,14
2011-09-09,Webb City,50,Branson,16
2011-09-09,Albany,20,Braymer,6
2011-09-09,Ava,33,Cabool,12
2011-09-09,Warsaw,0,California,48
2011-09-09,Willard,12,Carthage,41
2011-09-09,Farmington,60,Central (New Madrid County),0
2011-09-09,Perryville,7,Central (Park Hills),42
2011-09-09,Buffalo,41,Central (Springfield),49
2011-09-09,Clark County,26,Centralia,27
2011-09-09,Vianney,0,Chaminade College Prep,27
2011-09-09,St. Pius X (Kansas City),35,Clinton,41
2011-09-09,Caruthersville,34,Crystal City,12
2011-09-09,Southern Boone,38,Cuba,0
2011-09-09,Sullivan,26,DeSoto,20
2011-09-09,Sikeston,57,Dexter,30
2011-09-09,Pierce City,30,Diamond,6
2011-09-09,Van Horn,6,East Buchanan,28
2011-09-09,Nevada,22,East Newton,17
2011-09-09,Greenfield,13,El Dorado Springs,32
2011-09-09,Marquette,0,Eureka,48
2011-09-09,Harrisonville,42,Excelsior Springs,7
2011-09-09,Hillsboro,28,Festus,36
2011-09-09,Raytown,10,Fort Osage,57
2011-09-09,Lindbergh,34,Fox,3
2011-09-09,Holt,27,Francis Howell Central,29
2011-09-09,Ft. Zumwalt East,23,Francis Howell North,24
2011-09-09,Ste. Genevieve,46,Fredericktown,20
2011-09-09,Rolla,6,Glendale,50
2011-09-09,Eldon,42,Hallsville,6
2011-09-09,Fulton,14,Hannibal,64
2011-09-09,Chaffee,6,Hayti,26
2011-09-09,Valle Catholic,42,Herculaneum,7
2011-09-09,Richmond,42,Holden,6
2011-09-09,Springfield Catholic,55,Hollister,16
2011-09-09,Osceola,48,Jasper,0
2011-09-09,Hazelwood East,0,Jefferson City,49
2011-09-09,St. Mary's South Side,38,John F. Kennedy,0
2011-09-09,Hillcrest,21,Joplin,9
2011-09-09,West Plains,8,Kickapoo,35
2011-09-09,South Harrison,20,King City,13
2011-09-09,Monroe City,7,Kirksville,18
2011-09-09,Seckman,7,Kirkwood,42
2011-09-09,North Platte,15,Knob Noster,7
2011-09-09,Bishop LeBlond,0,Lafayette (St. Joseph),54
2011-09-09,Mehlville,7,Lafayette (Wildwood),21
2011-09-09,West Platte,13,Lafayette County,34
2011-09-09,Trenton,7,Lathrop,28
2011-09-09,Plattsburg,0,Lawson,42
2011-09-09,Camdenton,14,Lebanon,17
2011-09-09,Central (St. Joseph),41,Lee's Summit North,44
2011-09-09,North Kansas City,7,Lee's Summit West,42
2011-09-09,Carrollton,14,Lexington,19
2011-09-09,Butler,38,Liberal,6
2011-09-09,Salem,13,Liberty (Mountain View),44
2011-09-09,Cole Camp,42,Lincoln,0
2011-09-09,Sarcoxie,26,Lockwood,38
2011-09-09,Lutheran South,23,Lutheran North,35
2011-09-09,St. Dominic,27,Lutheran St. Charles,0
2011-09-09,Fayette,7,Marceline,37
2011-09-09,Louisiana,35,Mark Twain,24
2011-09-09,Bolivar,56,Marshfield,0
2011-09-09,Penney,50,Maysville with Winston,15
2011-09-09,East (Kansas City),0,Mid-Buchanan,12
2011-09-09,Rich Hill,13,Midway,56
2011-09-09,St. Vincent,55,Missouri Military Academy,0
2011-09-09,Van-Far,0,Montgomery County,42
2011-09-09,Houston,7,Mountain Grove,53
2011-09-09,Lamar,52,Mt. Vernon,0
2011-09-09,Monett,12,Nixa,31
2011-09-09,Sacred Heart,24,Northwest (Hughesville),6
2011-09-09,Grandview,32,Oak Park,12
2011-09-09,Parkway South,12,Oakville,6
2011-09-09,Concordia,71,Orrick,0
2011-09-09,Blair Oaks,25,Osage,27
2011-09-09,Kearney,17,Ozark,21
2011-09-09,Hermann,0,Pacific,48
2011-09-09,Westran,41,Paris,7
2011-09-09,Park Hill,7,Park Hill South,13
2011-09-09,Waynesville,38,Parkview,20
2011-09-09,Northwest (Cedar Hill),0,Parkway Central,42
2011-09-09,Rockwood Summit,38,Parkway West,7
2011-09-09,Center,14,Pembroke Hill,0
2011-09-09,Staley,42,Platte County,21
2011-09-09,Odessa,21,Pleasant Hill,35
2011-09-09,Fair Grove,55,"Pleasant Hope with Halfway, Marion C. Early",6
2011-09-09,Maplewood-Richmond Hts.,28,Potosi,14
2011-09-09,Brookfield,48,Putnam County,14
2011-09-09,Liberty,34,Raymore-Peculiar,20
2011-09-09,Lee's Summit,6,Raytown South,38
2011-09-09,Logan-Rogersville,48,Reeds Spring,0
2011-09-09,Neosho,8,Republic,13
2011-09-09,Hazelwood Central,3,Rock Bridge,40
2011-09-09,Polo,40,Rock Port,8
2011-09-09,Blue Springs South,3,Rockhurst,16
2011-09-09,Schuyler County,0,Salisbury,45
2011-09-09,St. Paul Lutheran (Concordia),0,Santa Fe,10
2011-09-09,East Prairie,0,Scott City with Chaffee,28
2011-09-09,Webster Groves,49,SLUH,28
2011-09-09,Ruskin,6,Smith-Cotton,24
2011-09-09,Chillicothe,0,Smithville,35
2011-09-09,Ft. Zumwalt South,49,St. Charles,14
2011-09-09,Washington,27,St. Charles West,38
2011-09-09,Owensville,7,St. Francis Borgia,21
2011-09-09,Skyline,39,Stockton with Sheldon,27
2011-09-09,Marionville,12,Strafford,14
2011-09-09,Lone Jack with Kingsville,47,Sweet Springs,6
2011-09-09,Francis Howell,49,Timberland,6
2011-09-09,Bishop DuBourg,16,Trinity Catholic,58
2011-09-09,St. Clair,0,Troy Buchanan,13
2011-09-09,Blue Springs,54,Truman,3
2011-09-09,Gateway with Soldan International Studies,42,Vashon,21
2011-09-09,Moberly,7,Versailles,33
2011-09-09,O'Hara,28,Warrensburg,7
2011-09-09,Ft. Zumwalt North,47,Warrenton,6
2011-09-09,Slater,40,Wentworth Military Academy,6
2011-09-09,Thayer,38,Willow Springs,0
2011-09-09,Mexico,59,Winfield,6
2011-09-10,De Smet Jesuit,22,Christian Brothers College,52
2011-09-10,Confluence Prep Academy Charter with Grand Center Arts Charter,6,Cleveland NJROTC,50
2011-09-10,Cleveland NJROTC,50,Confluence Prep Academy Charter with Grand Center Arts Charter,6
2011-09-10,Miller,20,Hogan Prep Academy Charter,28
2011-09-10,McCluer South-Berkeley,0,Ladue Horton Watkins,35
2011-09-10,Maryville,17,McCluer,14
2011-09-10,Ladue Horton Watkins,35,McCluer South-Berkeley,0
2011-09-10,McCluer North,25,Pattonville,7
2011-09-10,Savannah,50,Poplar Bluff,6
2011-09-10,Windsor (Imperial),34,Principia with Whitfield,14
2011-09-10,Sumner,13,Roosevelt,14
2011-09-10,Wright City,0,Veritas Christian Academy,37
2011-09-10,Belton,19,Winnetonka,38
2011-09-15,Bishop LeBlond,24,Chillicothe,28
2011-09-16,South Harrison,61,Albany,7
2011-09-16,Adrian,49,Appleton City,12
2011-09-16,Raytown,13,Belton,9
2011-09-16,Lutheran St. Charles,21,Bishop DuBourg,48
2011-09-16,Fort Osage,20,Blue Springs,41
2011-09-16,Hollister,0,Bolivar,48
2011-09-16,Clopton,6,Bowling Green,7
2011-09-16,Republic,27,Branson,28
2011-09-16,Missouri Military Academy,6,Brentwood,41
2011-09-16,Missouri Military Academy,0,Brentwood,69
2011-09-16,Palmyra,3,Brookfield,40
2011-09-16,Marshfield,40,Buffalo,33
2011-09-16,Van Horn,0,Butler,13
2011-09-16,Montgomery County,0,California,48
2011-09-16,Benton,22,Cameron,38
2011-09-16,Richmond,35,Carrollton,0
2011-09-16,Nixa,25,Carthage,18
2011-09-16,Hayti,20,Caruthersville,41
2011-09-16,Clinton,20,Center,23
2011-09-16,Charleston,33,Central (New Madrid County),0
2011-09-16,Fredericktown,35,Central (Park Hills),23
2011-09-16,Platte County,19,Central (St. Joseph),15
2011-09-16,Windsor,20,Cole Camp,33
2011-09-16,Lone Jack with Kingsville,7,Concordia,66
2011-09-16,Liberal,0,Diamond,24
2011-09-16,Osceola,0,Drexel,40
2011-09-16,Lathrop,37,East Buchanan,48
2011-09-16,Carl Junction,21,East Newton,0
2011-09-16,Eldon,47,El Dorado Springs,14
2011-09-16,Reeds Spring,14,Fair Grove,33
2011-09-16,Pacific,18,Festus,20
2011-09-16,Ft. Zumwalt West,34,Francis Howell,28
2011-09-16,Warrenton,0,Ft. Zumwalt East,41
2011-09-16,DeSoto,0,Ft. Zumwalt North,38
2011-09-16,Francis Howell North,7,Ft. Zumwalt South,21
2011-09-16,Kickapoo,35,Glendale,42
2011-09-16,Excelsior Springs,28,Grain Valley,48
2011-09-16,Hannibal,10,Hickman,0
2011-09-16,Mark Twain,30,Highland,12
2011-09-16,Camdenton,21,Hillcrest,31
2011-09-16,Sullivan,7,Hillsboro,13
2011-09-16,Knob Noster,0,Holden,56
2011-09-16,Ava,47,Houston,7
2011-09-16,Central (Cape Girardeau),14,Jackson,12
2011-09-16,Archie,41,Jasper,6
2011-09-16,Parkview,24,Joplin,31
2011-09-16,Grandview,6,Kearney,43
2011-09-16,Boonville,48,Kirksville,7
2011-09-16,Lexington,0,Lafayette County,40
2011-09-16,Waynesville,30,Lebanon,49
2011-09-16,Lee's Summit North,28,Lee's Summit,42
2011-09-16,Blue Springs South,28,Lee's Summit West,14
2011-09-16,Rockhurst,34,Liberty,14
2011-09-16,Mountain Grove,9,Liberty (Mountain View),14
2011-09-16,Salisbury,40,Marceline,13
2011-09-16,Ash Grove,21,Marionville,33
2011-09-16,Northwest (Cedar Hill),6,Marquette,40
2011-09-16,Fulton,8,Marshall,10
2011-09-16,Lafayette (St. Joseph),15,Maryville,38
2011-09-16,Centralia,33,Mexico,6
2011-09-16,Sherwood,46,Mid-Buchanan,26
2011-09-16,Macon,26,Moberly,6
2011-09-16,Lamar,27,Monett,18
2011-09-16,Louisiana,8,Monroe City,24
2011-09-16,Central (Springfield),6,Nevada,36
2011-09-16,Farmington,49,North County,6
2011-09-16,Raymore-Peculiar,28,North Kansas City,14
2011-09-16,Plattsburg,0,North Platte,25
2011-09-16,Pleasant Hill,7,Oak Grove,12
2011-09-16,Mehlville,17,Oakville,34
2011-09-16,Smith-Cotton,35,O'Hara,42
2011-09-16,Truman,3,Park Hill,21
2011-09-16,Lindbergh,36,Parkway South,7
2011-09-16,Princeton,14,Penney,22
2011-09-16,Potosi,34,Perryville,35
2011-09-16,Greenfield,27,Pierce City,26
2011-09-16,Skyline,61,"Pleasant Hope with Halfway, Marion C. Early",30
2011-09-16,Trenton,42,Putnam County,6
2011-09-16,Winnetonka,12,Raytown South,7
2011-09-16,Lockwood,21,Rich Hill,14
2011-09-16,Jefferson City,31,Rock Bridge,14
2011-09-16,Braymer,27,Rock Port,21
2011-09-16,Francis Howell Central,13,Rockwood Summit,31
2011-09-16,West Plains,0,Rolla,38
2011-09-16,Oak Park,6,Ruskin,32
2011-09-16,Willow Springs,7,Salem,34
2011-09-16,Miller,35,Sarcoxie,0
2011-09-16,Smithville,36,Savannah,29
2011-09-16,Dexter,54,Scott City with Chaffee,6
2011-09-16,Mt. Vernon,14,Seneca,28
2011-09-16,Poplar Bluff,7,Sikeston,36
2011-09-16,Paris,62,Slater,7
2011-09-16,Christian Brothers College,34,SLUH,7
2011-09-16,Logan-Rogersville,29,Springfield Catholic,26
2011-09-16,St. Mary's South Side,9,St. Dominic,22
2011-09-16,Westminster Christian Academy,0,St. Francis Borgia,42
2011-09-16,Crest Ridge with Chilhowee,14,St. Paul Lutheran (Concordia),32
2011-09-16,Chaffee,39,St. Pius X (Festus),7
2011-09-16,Lawson,19,St. Pius X (Kansas City),14
2011-09-16,Herculaneum,20,St. Vincent,28
2011-09-16,Liberty North,6,Staley,42
2011-09-16,Maplewood-Richmond Hts.,25,Ste. Genevieve,26
2011-09-16,Strafford,42,Stockton with Sheldon,12
2011-09-16,Orrick,6,Sweet Springs,48
2011-09-16,Holt,16,Troy Buchanan,6
2011-09-16,Hermann,14,Union,70
2011-09-16,Osage,41,Versailles,7
2011-09-16,De Smet Jesuit,34,Vianney,7
2011-09-16,Odessa,21,Warrensburg,28
2011-09-16,Blair Oaks,75,Warsaw,16
2011-09-16,Eureka,49,Washington,6
2011-09-16,Neosho,7,Webb City,37
2011-09-16,Midway,34,West Platte,47
2011-09-16,Schuyler County,2,Westran,41
2011-09-16,Ozark,20,Willard,7
2011-09-16,Park Hill South,42,William Chrisman,18
2011-09-17,Lift for Life Academy Charter,28,Cleveland NJROTC,30
2011-09-17,Kirkwood,47,Hazelwood Central,0
2011-09-17,Ladue Horton Watkins,48,Jennings,26
2011-09-17,Ritenour,21,McCluer,14
2011-09-17,Lafayette (Wildwood),0,McCluer North,27
2011-09-17,Clayton with Brentwood,17,McCluer South-Berkeley,14
2011-09-17,Helias Catholic,20,MICDS,32
2011-09-17,King City,14,Polo,42
2011-09-17,Pattonville,17,Riverview Gardens,14
2011-09-17,Transportation and Law,15,Sumner,12
2011-09-17,Scotland County,0,Tipton,49
2011-09-17,Hogan Prep Academy Charter,35,University Academy Charter with Ewing Marion Kauffman,0
2011-09-17,"Miller Career Academy with Vashon, Sumner",44,Vashon,7
2011-09-17,Crystal City,34,Veritas Christian Academy,35
2011-09-22,Glendale,8,Hillcrest,35
2011-09-22,Grandview,28,Liberty North,39
2011-09-23,Polo,53,Albany,0
2011-09-23,Houston,6,Ash Grove,44
2011-09-23,East Newton,7,Aurora,41
2011-09-23,Thayer,6,Ava,10
2011-09-23,California,7,Blair Oaks,29
2011-09-23,Raymore-Peculiar,16,Blue Springs South,55
2011-09-23,Mexico,12,Boonville,18
2011-09-23,Willard,13,Branson,20
2011-09-23,Bolivar,61,Buffalo,0
2011-09-23,Monett,27,Carl Junction,24
2011-09-23,Westran,20,Carrollton,14
2011-09-23,Central (New Madrid County),6,Caruthersville,45
2011-09-23,Warrensburg,22,Center,14
2011-09-23,North County,7,Central (Cape Girardeau),44
2011-09-23,Scott City with Chaffee,34,Chaffee,20
2011-09-23,Benton,27,Chillicothe,10
2011-09-23,Francis Howell,26,Christian Brothers College,47
2011-09-23,Macon,38,Clark County,0
2011-09-23,Orchard Farm,15,Clopton,36
2011-09-23,Brentwood,33,Cuba,14
2011-09-23,Chaminade College Prep,24,De Smet Jesuit,42
2011-09-23,Malden,26,Dexter,40
2011-09-23,Archie,0,Drexel,41
2011-09-23,St. Charles West,30,Duchesne,7
2011-09-23,Nevada,8,El Dorado Springs,0
2011-09-23,Osage,48,Eldon,8
2011-09-23,Parkway South,20,Eureka,27
2011-09-23,Stockton with Sheldon,0,Fair Grove,37
2011-09-23,McCluer North,45,Farmington,17
2011-09-23,Hallsville,37,Fayette,0
2011-09-23,Raytown South,0,Fort Osage,36
2011-09-23,Oakville,43,Francis Howell North,14
2011-09-23,Holt,7,Ft. Zumwalt West,42
2011-09-23,Moberly,47,Fulton,7
2011-09-23,Penney,28,Gallatin with Tri-County,8
2011-09-23,Charleston,0,Hayti,28
2011-09-23,Hickman,13,Helias Catholic,20
2011-09-23,Grandview (Hillsboro),14,Herculaneum,53
2011-09-23,Brookfield,55,Highland,6
2011-09-23,Reeds Spring,35,Hollister,25
2011-09-23,Princeton,22,King City,12
2011-09-23,Troy Buchanan,56,Kirksville,33
2011-09-23,Parkway North,0,Kirkwood,41
2011-09-23,Concordia,62,Knob Noster,13
2011-09-23,Smithville,31,Lafayette (St. Joseph),28
2011-09-23,Seneca,34,Lamar,56
2011-09-23,North Platte,0,Lathrop,21
2011-09-23,Mid-Buchanan,6,Lawson,57
2011-09-23,Blue Springs,42,Lee's Summit,7
2011-09-23,Liberty,24,Lee's Summit North,21
2011-09-23,Holden,42,Lexington,12
2011-09-23,East Prairie,0,Liberty (Mountain View),48
2011-09-23,Pembroke Hill,25,Lincoln College Prep,20
2011-09-23,Marquette,0,Lindbergh,20
2011-09-23,Miller,40,Lockwood,0
2011-09-23,Marshfield,34,Logan-Rogersville,61
2011-09-23,Palmyra,27,Louisiana,26
2011-09-23,Priory,32,Lutheran South,20
2011-09-23,Cardinal Ritter,36,Lutheran St. Charles,0
2011-09-23,Centralia,41,Mark Twain,12
2011-09-23,Hannibal,42,Marshall,12
2011-09-23,Bishop LeBlond,7,Maryville,59
2011-09-23,Central (Springfield),20,McDonald County,53
2011-09-23,Fox,6,Mehlville,12
2011-09-23,Cassville,49,Mt. Vernon,8
2011-09-23,Carthage,49,Neosho,7
2011-09-23,Webb City,41,Nixa,7
2011-09-23,Tipton,50,North Callaway,26
2011-09-23,Lafayette (Wildwood),35,Northwest (Cedar Hill),0
2011-09-23,Excelsior Springs,34,Oak Grove,40
2011-09-23,Harrisonville,42,Odessa,0
2011-09-23,St. Pius X (Kansas City),17,O'Hara,48
2011-09-23,Crest Ridge with Chilhowee,42,Orrick,8
2011-09-23,Midway,32,Osceola,15
2011-09-23,Marceline,36,Paris,7
2011-09-23,Jefferson City,42,Park Hill,0
2011-09-23,Parkway Central,41,Parkway West,3
2011-09-23,Fredericktown,19,Perryville,0
2011-09-23,Jasper,0,Pierce City,44
2011-09-23,Oak Park,8,Platte County,45
2011-09-23,East Buchanan,34,Plattsburg,22
2011-09-23,Grain Valley,29,Pleasant Hill,28
2011-09-23,Lincoln,6,"Pleasant Hope with Halfway, Marion C. Early",52
2011-09-23,Ste. Genevieve,42,Potosi,6
2011-09-23,Park Hill South,7,Raytown,12
2011-09-23,Ozark,42,Republic,15
2011-09-23,Adrian,55,Rich Hill,7
2011-09-23,Lafayette County,20,Richmond,16
2011-09-23,Rock Bridge,6,Rockhurst,35
2011-09-23,Webster Groves,31,Rockwood Summit,14
2011-09-23,Lebanon,42,Rolla,14
2011-09-23,North Kansas City,19,Ruskin,0
2011-09-23,North Shelby,0,Salisbury,55
2011-09-23,Lone Jack with Kingsville,20,Santa Fe,6
2011-09-23,Marionville,34,Sarcoxie,26
2011-09-23,Cameron,14,Savannah,49
2011-09-23,Putnam County,28,Scotland County,44
2011-09-23,Van Horn,50,Sherwood,22
2011-09-23,Sweet Springs,8,Skyline,47
2011-09-23,Cole Camp,48,Slater,6
2011-09-23,Clinton,38,Smith-Cotton,7
2011-09-23,Monroe City,21,South Shelby,19
2011-09-23,Strafford,7,Springfield Catholic,27
2011-09-23,Washington,43,St. Charles,13
2011-09-23,DeSoto,14,St. Clair,55
2011-09-23,John F. Kennedy,9,St. Dominic,28
2011-09-23,Bowling Green,0,St. Francis Borgia,38
2011-09-23,Bishop DuBourg,10,St. Mary's South Side,16
2011-09-23,Kearney,10,Staley,22
2011-09-23,Festus,17,Sullivan,22
2011-09-23,Francis Howell Central,34,Timberland,21
2011-09-23,Central (St. Joseph),70,Truman,48
2011-09-23,Ft. Zumwalt East,41,Union,63
2011-09-23,Crystal City,7,Valle Catholic,54
2011-09-23,SLUH,48,Vianney,0
2011-09-23,Versailles,62,Warsaw,0
2011-09-23,Joplin,37,Waynesville,57
2011-09-23,Parkview,42,West Plains,21
2011-09-23,Trenton,34,West Platte,28
2011-09-23,Cabool,21,Willow Springs,7
2011-09-23,Appleton City,6,Windsor,35
2011-09-23,Hillsboro,54,Windsor (Imperial),6
2011-09-23,Montgomery County,47,Winfield,14
2011-09-23,Lee's Summit West,17,Winnetonka,0
2011-09-24,Polo,53,Albany,0
2011-09-24,William Chrisman,19,Belton,48
2011-09-24,Confluence Prep Academy Charter with Grand Center Arts Charter,0,Carnahan,32
2011-09-24,Soldan International Studies,34,Cleveland NJROTC,20
2011-09-24,Ritenour,45,Ft. Zumwalt North,6
2011-09-24,Ladue Horton Watkins,51,Normandy Collaborative,7
2011-09-24,McCluer,32,Pattonville,20
2011-09-24,MICDS,48,Principia with Whitfield,20
2011-09-24,Roosevelt,6,Vashon,40
2011-09-24,Ft. Zumwalt South,56,Warrenton,21
2011-09-26,St. Clair,28,St. Francis Borgia,43
2011-09-29,St. Vincent,16,Crystal City,26
2011-09-29,University City,12,Rockwood Summit,17
2011-09-30,Gallatin with Tri-County,49,Albany,6
2011-09-30,Butler,57,Appleton City,0
2011-09-30,Skyline,41,Ash Grove,13
2011-09-30,Salem,12,Ava,0
2011-09-30,Fort Osage,41,Belton,7
2011-09-30,Maryville,46,Benton,6
2011-09-30,Raymore-Peculiar,22,Blue Springs,50
2011-09-30,Springfield Catholic,9,Bolivar,48
2011-09-30,St. Dominic,28,Bowling Green,6
2011-09-30,Lutheran South,45,Brentwood,14
2011-09-30,Clark County,18,Brookfield,21
2011-09-30,Liberty (Mountain View),52,Cabool,12
2011-09-30,West Plains,30,Camdenton,54
2011-09-30,Lafayette (St. Joseph),33,Cameron,13
2011-09-30,Sikeston,51,Central (New Madrid County),6
2011-09-30,Duchesne,7,Centralia,28
2011-09-30,Dexter,47,Charleston,0
2011-09-30,Savannah,38,Chillicothe,19
2011-09-30,Vianney,15,Christian Brothers College,47
2011-09-30,Tipton,20,Cole Camp,14
2011-09-30,Archie,47,Crest Ridge with Chilhowee,31
2011-09-30,St. Pius X (Festus),9,Cuba,44
2011-09-30,Oakville,21,De Smet Jesuit,35
2011-09-30,Festus,38,DeSoto,35
2011-09-30,Lawson,42,East Buchanan,14
2011-09-30,Mt. Vernon,16,East Newton,14
2011-09-30,Chaffee,42,East Prairie,12
2011-09-30,Warsaw,12,Eldon,48
2011-09-30,Odessa,0,Excelsior Springs,46
2011-09-30,El Dorado Springs,18,Fair Grove,52
2011-09-30,Poplar Bluff,7,Farmington,45
2011-09-30,Paris,37,Fayette,14
2011-09-30,Troy Buchanan,0,Francis Howell,35
2011-09-30,Ft. Zumwalt West,49,Francis Howell Central,7
2011-09-30,Potosi,20,Fredericktown,14
2011-09-30,Timberland,38,Ft. Zumwalt North,26
2011-09-30,Kirksville,56,Fulton,13
2011-09-30,Staley,54,Grandview,27
2011-09-30,Diamond,0,Greenfield,35
2011-09-30,Boonville,20,Hannibal,14
2011-09-30,Pleasant Hill,14,Harrisonville,29
2011-09-30,Rock Bridge,35,Helias Catholic,13
2011-09-30,Caruthersville,38,Herculaneum,12
2011-09-30,Rockhurst,21,Hickman,0
2011-09-30,Central (Park Hills),24,Hillsboro,35
2011-09-30,Francis Howell North,12,Holt,37
2011-09-30,Miller,69,Jasper,0
2011-09-30,Washington,15,Jefferson City,70
2011-09-30,Bishop DuBourg,14,John F. Kennedy,17
2011-09-30,Lebanon,14,Kickapoo,34
2011-09-30,Richmond,42,Knob Noster,0
2011-09-30,Fox,17,Lafayette (Wildwood),26
2011-09-30,Holden,13,Lafayette County,42
2011-09-30,Blue Springs South,49,Lee's Summit North,0
2011-09-30,Truman,3,Lee's Summit West,42
2011-09-30,Sarcoxie,41,Liberal,6
2011-09-30,Lee's Summit,10,Liberty,14
2011-09-30,Eureka,31,Lindbergh,7
2011-09-30,Houston,13,Lockwood,40
2011-09-30,Hollister,20,Logan-Rogersville,50
2011-09-30,Salisbury,41,Louisiana,20
2011-09-30,Trinity Catholic,48,Lutheran St. Charles,0
2011-09-30,Highland,0,Macon,50
2011-09-30,Slater,24,Marceline,68
2011-09-30,Stockton with Sheldon,12,Marionville,20
2011-09-30,Mehlville,14,Marquette,0
2011-09-30,Willow Springs,6,Marshfield,34
2011-09-30,Braymer,14,Maysville with Winston,39
2011-09-30,Pierce City,30,McAuley Catholic,32
2011-09-30,Plattsburg,13,Mid-Buchanan,14
2011-09-30,Adrian,16,Midway,23
2011-09-30,Marshall,6,Moberly,35
2011-09-30,Aurora,35,Monett,7
2011-09-30,Mark Twain,8,Monroe City,35
2011-09-30,Wright City,14,Montgomery County,55
2011-09-30,Thayer,22,Mountain Grove,21
2011-09-30,Neosho,6,Nixa,34
2011-09-30,Hermann,28,North Callaway,32
2011-09-30,Park Hill,42,North Kansas City,14
2011-09-30,Kearney,48,Oak Park,6
2011-09-30,Lone Jack with Kingsville,48,Orrick,14
2011-09-30,California,14,Osage,35
2011-09-30,Lincoln,0,Osceola,52
2011-09-30,Branson,26,Ozark,14
2011-09-30,Raytown South,24,Park Hill South,8
2011-09-30,Kirkwood,40,Parkway Central,21
2011-09-30,Northwest (Cedar Hill),7,Parkway South,55
2011-09-30,South Harrison,6,Penney,27
2011-09-30,Liberty North,20,Platte County,54
2011-09-30,Princeton,18,Polo,26
2011-09-30,Knox County,6,Putnam County,44
2011-09-30,Winnetonka,24,Raytown,14
2011-09-30,Buffalo,36,Reeds Spring,6
2011-09-30,Webb City,42,Republic,0
2011-09-30,Drexel,56,Rich Hill,7
2011-09-30,Joplin,21,Rolla,35
2011-09-30,Carl Junction,7,Seneca,27
2011-09-30,Renaissance Academy,52,Sherwood,20
2011-09-30,Chaminade College Prep,28,SLUH,35
2011-09-30,Center,14,Smith-Cotton,34
2011-09-30,Bishop LeBlond,14,Smithville,42
2011-09-30,Hallsville,13,Southern Boone,42
2011-09-30,Mexico,54,St. Charles,40
2011-09-30,Central (Cape Girardeau),14,St. Charles West,31
2011-09-30,Cardinal Ritter,16,St. Mary's South Side,18
2011-09-30,Southwest Early College,6,St. Pius X (Kansas City),49
2011-09-30,"Pleasant Hope with Halfway, Marion C. Early",14,Strafford,66
2011-09-30,St. Francis Borgia,35,Sullivan,12
2011-09-30,St. Paul Lutheran (Concordia),30,Sweet Springs,14
2011-09-30,Lexington,24,Trenton,25
2011-09-30,O'Hara,33,University Academy Charter with Ewing Marion Kauffman,61
2011-09-30,St. Mary's (Independence),19,Van Horn,42
2011-09-30,Clopton,46,Van-Far,20
2011-09-30,Westminster Christian Academy,18,Veritas Christian Academy,35
2011-09-30,Blair Oaks,35,Versailles,27
2011-09-30,Clinton,14,Warrensburg,21
2011-09-30,Union,56,Warrenton,26
2011-09-30,Hillcrest,42,Waynesville,14
2011-09-30,Parkway West,10,Webster Groves,52
2011-09-30,Lathrop,0,West Platte,50
2011-09-30,Parkview,8,Willard,22
2011-09-30,Santa Fe,34,Windsor,8
2011-10-01,Missouri Military Academy,0,Confluence Prep Academy Charter with Grand Center Arts Charter,32
2011-10-01,Ft. Zumwalt East,21,Ft. Zumwalt South,20
2011-10-01,Sumner,6,Gateway with Soldan International Studies,50
2011-10-01,McCluer,12,Hazelwood West,48
2011-10-01,Rock Bridge,35,Helias Catholic,13
2011-10-01,McCluer South-Berkeley,16,Jennings,12
2011-10-01,Affton,0,Ladue Horton Watkins,48
2011-10-01,Hazelwood East,36,McCluer North,38
2011-10-01,Priory,7,MICDS,35
2011-10-01,Rock Port,6,North Platte,40
2011-10-01,Pattonville,7,Ritenour,40
2011-10-01,Cleveland NJROTC,20,Transportation and Law,13
2011-10-01,Valle Catholic,24,Westran,6
2011-10-01,Nevada,29,William Chrisman,22
2011-10-06,Willard,13,Central (Springfield),6
2011-10-06,Ladue Horton Watkins,52,Duchesne,7
2011-10-06,John Burroughs,39,Lutheran South,6
2011-10-06,Rockwood Summit,9,Parkway Central,28
2011-10-07,Osceola,7,Adrian,6
2011-10-07,Midway,13,Archie,20
2011-10-07,"Pleasant Hope with Halfway, Marion C. Early",14,Ash Grove,55
2011-10-07,Seneca,27,Aurora,25
2011-10-07,Liberty (Mountain View),7,Ava,42
2011-10-07,Smithville,47,Benton,20
2011-10-07,St. Dominic,29,Bishop DuBourg,8
2011-10-07,Cameron,35,Bishop LeBlond,25
2011-10-07,Eldon,29,Blair Oaks,46
2011-10-07,Lee's Summit North,7,Blue Springs,42
2011-10-07,Lee's Summit,0,Blue Springs South,42
2011-10-07,Logan-Rogersville,6,Bolivar,41
2011-10-07,Moberly,0,Boonville,7
2011-10-07,Van-Far,0,Bowling Green,27
2011-10-07,Slater,6,Braymer,52
2011-10-07,El Dorado Springs,21,Butler,39
2011-10-07,Salem,20,Cabool,13
2011-10-07,Knob Noster,9,California,49
2011-10-07,John F. Kennedy,3,Cardinal Ritter,48
2011-10-07,Holden,48,Carrollton,6
2011-10-07,Republic,6,Carthage,28
2011-10-07,Poplar Bluff,20,Central (Cape Girardeau),35
2011-10-07,Lincoln College Prep,14,Central (Kansas City),0
2011-10-07,Potosi,0,Central (Park Hills),24
2011-10-07,Liberty,37,Central (St. Joseph),42
2011-10-07,Christian Brothers College,41,Chaminade College Prep,7
2011-10-07,Herculaneum,24,Charleston,34
2011-10-07,Mark Twain,0,Clark County,35
2011-10-07,Versailles,7,Clinton,28
2011-10-07,Montgomery County,37,Clopton,50
2011-10-07,Fayette,0,Cole Camp,47
2011-10-07,St. Paul Lutheran (Concordia),6,Concordia,52
2011-10-07,St. Charles,46,Confluence Prep Academy Charter with Grand Center Arts Charter,12
2011-10-07,Windsor (Imperial),12,DeSoto,27
2011-10-07,Caruthersville,55,Dexter,56
2011-10-07,East (Kansas City),20,East Buchanan,56
2011-10-07,SLUH,38,Eureka,14
2011-10-07,Jackson,14,Farmington,50
2011-10-07,William Chrisman,6,Fort Osage,49
2011-10-07,Marquette,34,Fox,17
2011-10-07,Maplewood-Richmond Hts.,48,Fredericktown,12
2011-10-07,Holt,21,Ft. Zumwalt South,14
2011-10-07,Timberland,10,Ft. Zumwalt West,45
2011-10-07,King City,12,Gallatin with Tri-County,42
2011-10-07,Platte County,43,Grandview,28
2011-10-07,Helias Catholic,10,Hannibal,28
2011-10-07,Scott City with Chaffee,35,Hayti,42
2011-10-07,Charleston,34,Herculaneum,28
2011-10-07,St. Clair,51,Hermann,14
2011-10-07,Rolla,19,Hillcrest,40
2011-10-07,Stockton with Sheldon,37,Hollister,25
2011-10-07,Thayer,50,Houston,19
2011-10-07,Diamond,55,Jasper,14
2011-10-07,Rockhurst,30,Jefferson City,33
2011-10-07,Camdenton,21,Joplin,38
2011-10-07,Smith-Cotton,7,Kearney,63
2011-10-07,Nixa,37,Kickapoo,7
2011-10-07,Chillicothe,16,Lafayette (St. Joseph),28
2011-10-07,Oakville,0,Lafayette (Wildwood),50
2011-10-07,East Newton,0,Lamar,42
2011-10-07,Mid-Buchanan,8,Lathrop,35
2011-10-07,North Platte,6,Lawson,14
2011-10-07,Raytown,14,Liberty North,27
2011-10-07,Appleton City,33,Lincoln,18
2011-10-07,Pierce City,28,Lockwood,48
2011-10-07,Crest Ridge with Chilhowee,30,Lone Jack with Kingsville,35
2011-10-07,Brookfield,47,Louisiana,0
2011-10-07,Palmyra,0,Macon,33
2011-10-07,Chaffee,25,Malden,49
2011-10-07,Fair Grove,27,Marionville,0
2011-10-07,Kirksville,41,Marshall,6
2011-10-07,Reeds Spring,34,Marshfield,48
2011-10-07,Polo,49,Maysville with Winston,6
2011-10-07,Parkway South,10,Mehlville,30
2011-10-07,Fulton,6,Mexico,47
2011-10-07,Liberal,6,Miller,62
2011-10-07,Centralia,42,Monroe City,23
2011-10-07,Monett,26,Mt. Vernon,6
2011-10-07,Branson,35,Neosho,13
2011-10-07,McDonald County,19,Nevada,31
2011-10-07,Festus,21,North County,7
2011-10-07,Lindbergh,42,Northwest (Cedar Hill),0
2011-10-07,Harrisonville,24,Oak Grove,14
2011-10-07,Center,24,O'Hara,6
2011-10-07,Lutheran St. Charles,0,Orchard Farm,47
2011-10-07,Glendale,34,Ozark,49
2011-10-07,Hillsboro,55,Pacific,14
2011-10-07,Lee's Summit West,49,Park Hill,0
2011-10-07,Lebanon,35,Parkview,14
2011-10-07,Albany,7,Penney,52
2011-10-07,Excelsior Springs,28,Pleasant Hill,35
2011-10-07,Ruskin,0,Raymore-Peculiar,35
2011-10-07,Belton,28,Raytown South,45
2011-10-07,Lexington,6,Richmond,50
2011-10-07,Francis Howell,10,Rock Bridge,20
2011-10-07,Paris,25,Salisbury,47
2011-10-07,Orrick,0,Santa Fe,45
2011-10-07,Greenfield,26,Sarcoxie,34
2011-10-07,Maryville,14,Savannah,21
2011-10-07,Putnam County,14,Schuyler County,40
2011-10-07,Webster Groves,44,Seckman,7
2011-10-07,Strafford,31,Skyline,13
2011-10-07,Princeton,8,South Harrison,47
2011-10-07,St. Francis Borgia,36,Southern Boone,23
2011-10-07,Buffalo,7,Springfield Catholic,56
2011-10-07,Sherwood,36,St. Mary's (Independence),6
2011-10-07,Park Hill South,13,Staley,42
2011-10-07,Perryville,6,Ste. Genevieve,72
2011-10-07,Lafayette County,34,Trenton,14
2011-10-07,St. Mary's South Side,70,Trinity Catholic,26
2011-10-07,Francis Howell North,0,Troy Buchanan,36
2011-10-07,North Kansas City,14,Truman,51
2011-10-07,Kirkwood,63,University City,28
2011-10-07,Francis Howell Central,22,Vianney,29
2011-10-07,St. Pius X (Kansas City),20,Warrensburg,15
2011-10-07,Osage,63,Warsaw,6
2011-10-07,Warrenton,12,Washington,47
2011-10-07,Waynesville,44,West Plains,26
2011-10-07,Plattsburg,0,West Platte,49
2011-10-07,Marceline,12,Westran,40
2011-10-07,Mountain Grove,47,Willow Springs,8
2011-10-07,Oak Park,14,Winnetonka,38
2011-10-07,Cuba,26,Wright City,6
2011-10-08,Carnahan,14,Cleveland NJROTC,30
2011-10-08,Grandview (Hillsboro),7,Crystal City,56
2011-10-08,Ladue Horton Watkins,52,Duchesne,7
2011-10-08,Ft. Zumwalt North,59,Ft. Zumwalt East,42
2011-10-08,Hazelwood Central,51,McCluer,33
2011-10-08,Normandy Collaborative,32,McCluer South-Berkeley,6
2011-10-08,Normandy Collaborative,14,McCluer South-Berkeley,0
2011-10-08,Grain Valley,63,Odessa,14
2011-10-08,Hazelwood West,7,Pattonville,19
2011-10-08,Priory,53,Principia with Whitfield,17
2011-10-08,McCluer North,43,Riverview Gardens,28
2011-10-08,Lift for Life Academy Charter,6,Veritas Christian Academy,40
2011-10-13,Bishop DuBourg,44,Affton,40
2011-10-13,Central (Springfield),20,Lebanon,61
2011-10-14,Appleton City,14,Archie,52
2011-10-14,Reeds Spring,0,Aurora,47
2011-10-14,Buffalo,38,Ava,43
2011-10-14,Blue Springs South,21,Blue Springs,26
2011-10-14,Winfield,28,Bowling Green,47
2011-10-14,Portageville,10,Cabool,41
2011-10-14,Boonville,7,California,0
2011-10-14,St. Pius X (Kansas City),37,Cameron,12
2011-10-14,St. Paul Lutheran (Concordia),6,Carrollton,20
2011-10-14,Farmington,49,Central (Cape Girardeau),34
2011-10-14,Oak Park,16,Central (St. Joseph),35
2011-10-14,Brookfield,23,Centralia,28
2011-10-14,St. Vincent,35,Chaffee,42
2011-10-14,Webster Groves,35,Chaminade College Prep,0
2011-10-14,Marquette,7,Christian Brothers College,51
2011-10-14,Holden,24,Clinton,35
2011-10-14,Butler,20,Cole Camp,17
2011-10-14,Sweet Springs,0,Concordia,68
2011-10-14,Santa Fe,35,Crest Ridge with Chilhowee,34
2011-10-14,Liberty (Mountain View),58,Cuba,6
2011-10-14,Sarcoxie,49,Diamond,25
2011-10-14,St. Charles,20,Duchesne,36
2011-10-14,Seneca,41,East Newton,17
2011-10-14,Charleston,51,East Prairie,21
2011-10-14,Northwest (Cedar Hill),6,Eureka,63
2011-10-14,Liberty North,50,Excelsior Springs,10
2011-10-14,Ash Grove,29,Fair Grove,47
2011-10-14,Salisbury,53,Fayette,0
2011-10-14,Windsor (Imperial),0,Festus,49
2011-10-14,Oakville,38,Fox,16
2011-10-14,Francis Howell Central,20,Francis Howell,55
2011-10-14,Central (New Madrid County),14,Fredericktown,36
2011-10-14,Holt,17,Ft. Zumwalt East,18
2011-10-14,North Callaway,36,Fulton,7
2011-10-14,Braymer,0,Gallatin with Tri-County,40
2011-10-14,Center,13,Grain Valley,49
2011-10-14,Jasper,6,Greenfield,42
2011-10-14,Macon,35,Hallsville,0
2011-10-14,Grandview,7,Harrisonville,50
2011-10-14,Montgomery County,12,Hermann,30
2011-10-14,Monroe City,48,Highland,15
2011-10-14,West Plains,0,Hillcrest,49
2011-10-14,Willow Springs,16,Houston,13
2011-10-14,Central (Park Hills),42,John F. Kennedy,13
2011-10-14,Lee's Summit North,59,Joplin,34
2011-10-14,Neosho,28,Kickapoo,21
2011-10-14,Rock Port,6,King City,27
2011-10-14,Hannibal,47,Kirksville,0
2011-10-14,Lafayette County,50,Knob Noster,0
2011-10-14,McAuley Catholic,6,Lamar,71
2011-10-14,Lee's Summit West,56,Lee's Summit,0
2011-10-14,Lawson,42,Lexington,7
2011-10-14,Lockwood,44,Liberal,14
2011-10-14,Rock Bridge,40,Liberty,7
2011-10-14,Tipton,48,Lincoln,0
2011-10-14,Northeast (Kansas City),6,Lincoln College Prep,60
2011-10-14,De Smet Jesuit,30,Lindbergh,13
2011-10-14,Midway,42,Lone Jack with Kingsville,28
2011-10-14,Clopton,56,Lutheran St. Charles,13
2011-10-14,Caruthersville,42,Malden,6
2011-10-14,Putnam County,0,Marceline,29
2011-10-14,Veritas Christian Academy,50,Mark Twain,24
2011-10-14,Bolivar,48,Marshall,0
2011-10-14,Chillicothe,13,Maryville,56
2011-10-14,Albany,16,Maysville with Winston,20
2011-10-14,SLUH,38,Mehlville,0
2011-10-14,West Platte,56,Mid-Buchanan,0
2011-10-14,Mexico,7,Moberly,17
2011-10-14,Cassville,28,Monett,6
2011-10-14,Logan-Rogersville,40,Mountain Grove,7
2011-10-14,Springfield Catholic,49,Mt. Vernon,14
2011-10-14,Ozark,7,Nixa,36
2011-10-14,DeSoto,26,North County,23
2011-10-14,East Buchanan,28,North Platte,20
2011-10-14,Richmond,35,Odessa,0
2011-10-14,Pembroke Hill,21,O'Hara,37
2011-10-14,St. Clair,41,Pacific,7
2011-10-14,Clark County,26,Palmyra,0
2011-10-14,Van-Far,14,Paris,33
2011-10-14,North Kansas City,20,Park Hill South,17
2011-10-14,Branson,28,Parkview,14
2011-10-14,Lafayette (Wildwood),27,Parkway South,0
2011-10-14,Washington,28,Parkway West,27
2011-10-14,Francis Howell North,7,Pattonville,52
2011-10-14,Sikeston,58,Perryville,0
2011-10-14,Miller,48,Pierce City,6
2011-10-14,Benton,7,Platte County,56
2011-10-14,Penney,49,Plattsburg,6
2011-10-14,Nevada,7,Pleasant Hill,28
2011-10-14,Warsaw,20,"Pleasant Hope with Halfway, Marion C. Early",0
2011-10-14,Jackson,27,Poplar Bluff,45
2011-10-14,Hillsboro,62,Potosi,20
2011-10-14,Rockhurst,34,Raymore-Peculiar,0
2011-10-14,Raytown,7,Raytown South,14
2011-10-14,Marshfield,7,Republic,37
2011-10-14,Osceola,40,Rich Hill,13
2011-10-14,Waynesville,42,Rolla,22
2011-10-14,Belton,40,Ruskin,20
2011-10-14,Owensville,27,Salem,21
2011-10-14,Lafayette (St. Joseph),14,Savannah,42
2011-10-14,Herculaneum,22,Scott City with Chaffee,14
2011-10-14,Rockwood Summit,35,Seckman,0
2011-10-14,Adrian,21,Sherwood,12
2011-10-14,Marionville,7,Skyline,8
2011-10-14,Camdenton,34,Smith-Cotton,12
2011-10-14,Kearney,28,Smithville,0
2011-10-14,Polo,20,South Harrison,21
2011-10-14,Missouri Military Academy,7,Southern Boone,65
2011-10-14,Warrenton,0,St. Dominic,14
2011-10-14,Crystal City,49,St. Pius X (Festus),13
2011-10-14,Park Hill,7,Staley,31
2011-10-14,Lutheran South,29,Ste. Genevieve,67
2011-10-14,El Dorado Springs,29,Stockton with Sheldon,14
2011-10-14,Hollister,27,Strafford,35
2011-10-14,Union,35,Sullivan,26
2011-10-14,Hayti,12,Thayer,39
2011-10-14,Ft. Zumwalt South,39,Timberland,21
2011-10-14,Bishop LeBlond,27,Trenton,34
2011-10-14,Jefferson City,38,Troy Buchanan,3
2011-10-14,William Chrisman,16,Truman,49
2011-10-14,Cleveland NJROTC,12,Valle Catholic,66
2011-10-14,Oak Grove,19,Van Horn,26
2011-10-14,Eldon,22,Versailles,14
2011-10-14,Kirkwood,42,Vianney,20
2011-10-14,Carthage,17,Webb City,41
2011-10-14,Slater,0,Westran,55
2011-10-14,Glendale,42,Willard,14
2011-10-14,Sacred Heart,42,Windsor,36
2011-10-14,Fort Osage,28,Winnetonka,25
2011-10-15,Brentwood,34,Barat Academy,8
2011-10-15,Sumner,34,Beaumont,0
2011-10-15,McCluer South-Berkeley,14,Cardinal Ritter,13
2011-10-15,John Burroughs,73,Confluence Prep Academy Charter with Grand Center Arts Charter,0
2011-10-15,McCluer North,21,Hazelwood Central,10
2011-10-15,McCluer,21,Hazelwood East,40
2011-10-15,Warrensburg,0,Helias Catholic,56
2011-10-15,Ladue Horton Watkins,55,MICDS,56
2011-10-15,Soldan International Studies,19,Vashon,25
2011-10-21,King City,32,Albany,27
2011-10-21,Rich Hill,43,Appleton City,13
2011-10-21,Strafford,28,Ash Grove,14
2011-10-21,Lee's Summit,35,Belton,14
2011-10-21,Savannah,40,Benton,13
2011-10-21,Festus,62,Bishop DuBourg,7
2011-10-21,Hermann,0,Blair Oaks,51
2011-10-21,Kickapoo,28,Branson,24
2011-10-21,South Harrison,48,Braymer,8
2011-10-21,Grandview (Hillsboro),14,Brentwood,17
2011-10-21,Grandview (Hillsboro),0,Brentwood,35
2011-10-21,Macon,35,Brookfield,0
2011-10-21,Mountain Grove,21,Buffalo,7
2011-10-21,Sherwood,14,Butler,17
2011-10-21,Versailles,21,California,29
2011-10-21,Rolla,0,Camdenton,42
2011-10-21,Carl Junction,7,Carthage,42
2011-10-21,East Prairie,6,Caruthersville,52
2011-10-21,East Newton,0,Cassville,44
2011-10-21,Harrisonville,35,Center,12
2011-10-21,Dexter,53,Central (New Madrid County),7
2011-10-21,Lutheran South,40,Central (Park Hills),62
2011-10-21,Parkview,34,Central (Springfield),22
2011-10-21,Staley,28,Central (St. Joseph),14
2011-10-21,Malden,7,Charleston,43
2011-10-21,Cameron,6,Chillicothe,41
2011-10-21,Veritas Christian Academy,20,Clopton,22
2011-10-21,Adrian,33,Cole Camp,20
2011-10-21,Santa Fe,6,Concordia,61
2011-10-21,Scott City with Chaffee,20,Crystal City,39
2011-10-21,SLUH,37,De Smet Jesuit,31
2011-10-21,Potosi,6,DeSoto,41
2011-10-21,Jennings,36,Duchesne,7
2011-10-21,Warsaw,22,El Dorado Springs,53
2011-10-21,Boonville,36,Eldon,0
2011-10-21,Fox,7,Eureka,35
2011-10-21,Hollister,15,Fair Grove,58
2011-10-21,Perryville,0,Farmington,48
2011-10-21,Pattonville,21,Francis Howell Central,7
2011-10-21,Francis Howell,57,Francis Howell North,6
2011-10-21,Southern Boone,40,Fulton,14
2011-10-21,Lebanon,25,Glendale,55
2011-10-21,Grain Valley,52,Grandview,21
2011-10-21,Centralia,43,Hallsville,6
2011-10-21,Mexico,6,Hannibal,49
2011-10-21,Cabool,12,Hayti,36
2011-10-21,Marshall,0,Helias Catholic,62
2011-10-21,St. Pius X (Festus),6,Herculaneum,42
2011-10-21,Palmyra,7,Highland,6
2011-10-21,North County,0,Hillsboro,48
2011-10-21,Pleasant Hill,35,Holden,18
2011-10-21,Ft. Zumwalt North,12,Holt,20
2011-10-21,Ft. Zumwalt West,49,Jefferson City,21
2011-10-21,Ste. Genevieve,52,John F. Kennedy,6
2011-10-21,Raymore-Peculiar,42,Joplin,27
2011-10-21,Excelsior Springs,24,Kearney,56
2011-10-21,Moberly,22,Kirksville,7
2011-10-21,Clayton with Brentwood,21,Ladue Horton Watkins,46
2011-10-21,Platte County,49,Lafayette (St. Joseph),26
2011-10-21,Carrollton,0,Lafayette County,38
2011-10-21,Ruskin,0,Lee's Summit West,45
2011-10-21,Lathrop,49,Lexington,13
2011-10-21,Jasper,16,Liberal,19
2011-10-21,Houston,8,Liberty (Mountain View),61
2011-10-21,Renaissance Academy,28,Lincoln College Prep,22
2011-10-21,Mehlville,15,Lindbergh,20
2011-10-21,Greenfield,18,Lockwood,14
2011-10-21,Ava,19,Logan-Rogersville,41
2011-10-21,Paris,6,Louisiana,24
2011-10-21,Mark Twain,30,Lutheran St. Charles,3
2011-10-21,Pierce City,20,Marionville,49
2011-10-21,Hillcrest,56,Marshfield,6
2011-10-21,Diamond,34,McAuley Catholic,6
2011-10-21,East Buchanan,56,Mid-Buchanan,28
2011-10-21,Drexel,14,Midway,28
2011-10-21,Skyline,21,Miller,40
2011-10-21,St. Mary's South Side,13,"Miller Career Academy with Vashon, Sumner",28
2011-10-21,North Callaway,50,Missouri Military Academy,7
2011-10-21,Clark County,26,Monroe City,7
2011-10-21,Ozark,47,Neosho,12
2011-10-21,Clinton,14,Nevada,20
2011-10-21,Fort Osage,22,North Kansas City,3
2011-10-21,Park Hill,48,Oak Park,20
2011-10-21,Northwest (Cedar Hill),7,Oakville,42
2011-10-21,Archie,21,Osceola,27
2011-10-21,Osage,55,Owensville,0
2011-10-21,Winnetonka,7,Park Hill South,14
2011-10-21,Webster Groves,13,Parkway Central,34
2011-10-21,Chaminade College Prep,31,Parkway North,45
2011-10-21,Marquette,0,Parkway South,20
2011-10-21,Vianney,26,Parkway West,0
2011-10-21,Trenton,6,Penney,41
2011-10-21,Bishop LeBlond,35,Plattsburg,7
2011-10-21,Gallatin with Tri-County,13,Polo,32
2011-10-21,Rockwood Summit,42,Poplar Bluff,7
2011-10-21,Thayer,50,Portageville,8
2011-10-21,Putnam County,24,Princeton,42
2011-10-21,Joplin,27,Raymore-Peculiar,42
2011-10-21,Truman,21,Raytown,28
2011-10-21,Mt. Vernon,52,Reeds Spring,0
2011-10-21,Oak Grove,14,Richmond,23
2011-10-21,Blue Springs South,35,Rock Bridge,20
2011-10-21,Maysville with Winston,13,Rock Port,21
2011-10-21,Lee's Summit North,10,Rockhurst,71
2011-10-21,Westran,22,Salisbury,50
2011-10-21,Lamar,55,Sarcoxie,0
2011-10-21,Monett,33,Seneca,21
2011-10-21,Central (Cape Girardeau),17,Sikeston,47
2011-10-21,Fayette,21,Slater,0
2011-10-21,Liberty North,28,Smithville,31
2011-10-21,Aurora,7,Springfield Catholic,10
2011-10-21,Sullivan,6,St. Clair,19
2011-10-21,Warrenton,20,St. Francis Borgia,28
2011-10-21,Knob Noster,14,St. Paul Lutheran (Concordia),27
2011-10-21,Maryville,41,St. Pius X (Kansas City),14
2011-10-21,"Pleasant Hope with Halfway, Marion C. Early",28,Stockton with Sheldon,18
2011-10-21,Crest Ridge with Chilhowee,44,Sweet Springs,0
2011-10-21,Ft. Zumwalt East,42,Timberland,35
2011-10-21,Pacific,28,Union,62
2011-10-21,Odessa,21,Van Horn,46
2011-10-21,Bolivar,49,Warrensburg,6
2011-10-21,Kirkwood,63,Washington,0
2011-10-21,Smith-Cotton,34,Waynesville,56
2011-10-21,Republic,30,West Plains,27
2011-10-21,North Platte,18,West Platte,42
2011-10-21,Nixa,35,Willard,7
2011-10-21,Raytown South,32,William Chrisman,21
2011-10-21,Cuba,26,Willow Springs,48
2011-10-21,Tipton,43,Windsor,0
2011-10-21,Bowling Green,62,Wright City,7
2011-10-22,Chaffee,29,Cleveland NJROTC,49
2011-10-22,Priory,53,Confluence Prep Academy Charter with Grand Center Arts Charter,20
2011-10-22,Hogan Prep Academy Charter,6,Lawson,17
2011-10-22,University Academy Charter with Ewing Marion Kauffman,47,Lone Jack with Kingsville,17
2011-10-22,Normandy Collaborative,24,McCluer,20
2011-10-22,Hazelwood West,8,McCluer North,41
2011-10-22,Trinity Catholic,30,McCluer South-Berkeley,28
2011-10-22,St. Mary's (Independence),36,Orrick,28
2011-10-22,Vashon,20,Sumner,8
2011-10-22,Sumner,8,Vashon,28
2011-10-27,Butler,13,Adrian,0
2011-10-27,Rich Hill,7,Archie,47
2011-10-27,Mt. Vernon,8,Aurora,24
2011-10-27,Lafayette (St. Joseph),46,Benton,40
2011-10-27,Windsor (Imperial),25,Bishop DuBourg,15
2011-10-27,Penney,31,Bishop LeBlond,13
2011-10-27,Helias Catholic,29,Bolivar,19
2011-10-27,Versailles,0,Boonville,27
2011-10-27,Nixa,49,Branson,15
2011-10-27,Hallsville,7,Brookfield,42
2011-10-27,Seneca,0,Cassville,42
2011-10-27,Perryville,14,Central (Cape Girardeau),56
2011-10-27,O'Hara,55,Central (Kansas City),6
2011-10-27,Valle Catholic,48,Chaffee,13
2011-10-27,Caruthersville,41,Charleston,23
2011-10-27,Highland,12,Clark County,34
2011-10-27,Pleasant Hill,20,Clinton,0
2011-10-27,Concordia,66,Crest Ridge with Chilhowee,0
2011-10-27,Fredericktown,0,Dexter,35
2011-10-27,West Platte,36,East Buchanan,44
2011-10-27,Malden,51,East Prairie,14
2011-10-27,"Pleasant Hope with Halfway, Marion C. Early",6,El Dorado Springs,46
2011-10-27,Westran,48,Fayette,0
2011-10-27,Affton,7,Festus,55
2011-10-27,Center,34,Grandview,42
2011-10-27,Liberal,7,Greenfield,51
2011-10-27,Crystal City,18,Herculaneum,6
2011-10-27,Republic,7,Hillcrest,35
2011-10-27,DeSoto,20,Hillsboro,63
2011-10-27,Nevada,29,Holden,43
2011-10-27,Ash Grove,28,Hollister,14
2011-10-27,Lockwood,33,Jasper,0
2011-10-27,Carrollton,6,Knob Noster,13
2011-10-27,University City,6,Ladue Horton Watkins,35
2011-10-27,Diamond,0,Lamar,55
2011-10-27,Lawson,27,Lathrop,15
2011-10-27,Willard,20,Lebanon,23
2011-10-27,Belton,0,Lee's Summit West,42
2011-10-27,Kearney,33,Liberty North,7
2011-10-27,Buffalo,0,Logan-Rogersville,53
2011-10-27,Centralia,14,Macon,7
2011-10-27,Lafayette (Wildwood),41,Marquette,7
2011-10-27,Warrensburg,52,Marshall,8
2011-10-27,Cameron,14,Maryville,49
2011-10-27,King City,56,Maysville with Winston,18
2011-10-27,Sarcoxie,22,McAuley Catholic,12
2011-10-27,Carthage,61,McDonald County,14
2011-10-27,Marionville,20,Miller,42
2011-10-27,East Newton,15,Monett,36
2011-10-27,Blair Oaks,69,Montgomery County,34
2011-10-27,Central (Springfield),13,Neosho,28
2011-10-27,Potosi,26,North County,21
2011-10-27,Mid-Buchanan,14,North Platte,28
2011-10-27,Odessa,0,Oak Grove,46
2011-10-27,Staley,43,Oak Park,14
2011-10-27,Salem,0,Osage,42
2011-10-27,Appleton City,7,Osceola,55
2011-10-27,Kickapoo,26,Ozark,42
2011-10-27,Monroe City,29,Palmyra,21
2011-10-27,Glendale,45,Parkview,0
2011-10-27,Skyline,33,Pierce City,27
2011-10-27,Savannah,28,Platte County,17
2011-10-27,Braymer,14,Polo,59
2011-10-27,Hayti,56,Portageville,0
2011-10-27,Truman,20,Raytown South,6
2011-10-27,Springfield Catholic,42,Reeds Spring,13
2011-10-27,Van Horn,14,Richmond,44
2011-10-27,Jackson,0,Rockwood Summit,66
2011-10-27,Sweet Springs,12,Santa Fe,47
2011-10-27,Poplar Bluff,30,Seckman,42
2011-10-27,Cole Camp,7,Sherwood,18
2011-10-27,Farmington,55,Sikeston,21
2011-10-27,Union,21,St. Clair,20
2011-10-27,Gateway with Soldan International Studies,52,St. Mary's South Side,7
2011-10-27,Lafayette County,42,St. Paul Lutheran (Concordia),7
2011-10-27,Scott City with Chaffee,39,St. Pius X (Festus),20
2011-10-27,Chillicothe,21,St. Pius X (Kansas City),13
2011-10-27,Cleveland NJROTC,42,St. Vincent,34
2011-10-27,Central (Park Hills),28,Ste. Genevieve,35
2011-10-27,Fair Grove,38,Strafford,33
2011-10-27,Cabool,13,Thayer,49
2011-10-27,Sacred Heart,6,Tipton,66
2011-10-27,Plattsburg,14,Trenton,27
2011-10-27,Beaumont,0,Vashon,39
2011-10-27,St. Charles West,34,Warrenton,12
2011-10-27,Stockton with Sheldon,36,Warsaw,31
2011-10-27,Marshfield,42,West Plains,35
2011-10-27,Raytown,44,William Chrisman,25
2011-10-27,Liberty (Mountain View),54,Willow Springs,7
2011-10-28,Rock Port,10,Albany,20
2011-10-28,Liberty,6,Blue Springs South,43
2011-10-28,Parkway Central,35,Chaminade College Prep,0
2011-10-28,Parkway South,0,Christian Brothers College,47
2011-10-28,Lone Jack with Kingsville,7,Drexel,46
2011-10-28,Westminster Christian Academy,0,Duchesne,7
2011-10-28,California,0,Eldon,38
2011-10-28,Smithville,12,Excelsior Springs,20
2011-10-28,Park Hill South,0,Fort Osage,28
2011-10-28,Pattonville,7,Francis Howell,21
2011-10-28,Francis Howell North,32,Francis Howell Central,12
2011-10-28,Ft. Zumwalt South,28,Ft. Zumwalt North,34
2011-10-28,Jefferson City,14,Hickman,16
2011-10-28,Timberland,24,Holt,31
2011-10-28,Cuba,16,Houston,13
2011-10-28,Rockhurst,38,Joplin,7
2011-10-28,Parkway West,0,Kirkwood,48
2011-10-28,Raymore-Peculiar,45,Lee's Summit North,52
2011-10-28,East (Kansas City),8,Lincoln College Prep,34
2011-10-28,John F. Kennedy,6,Lutheran South,45
2011-10-28,Princeton,6,Marceline,17
2011-10-28,Clopton,36,Mark Twain,30
2011-10-28,De Smet Jesuit,51,Mehlville,7
2011-10-28,Kirksville,56,Mexico,60
2011-10-28,Fulton,47,Missouri Military Academy,13
2011-10-28,Hannibal,38,Moberly,13
2011-10-28,Ava,7,Mountain Grove,42
2011-10-28,Fox,17,Northwest (Cedar Hill),7
2011-10-28,Eureka,48,Oakville,21
2011-10-28,Bowling Green,21,Orchard Farm,0
2011-10-28,Central (St. Joseph),24,Park Hill,6
2011-10-28,Blue Springs,27,Rock Bridge,32
2011-10-28,Smith-Cotton,42,Rolla,40
2011-10-28,Slater,0,Salisbury,66
2011-10-28,Lindbergh,21,SLUH,35
2011-10-28,Vianney,49,Washington,14
2011-10-28,Camdenton,38,Waynesville,28
2011-10-28,Parkway North,24,Webster Groves,38
2011-10-28,North Kansas City,0,Winnetonka,42
2011-10-29,Imagine College Prep Charter,48,Confluence Prep Academy Charter with Grand Center Arts Charter,0
2011-10-29,Lexington,15,Hogan Prep Academy Charter,36
2011-10-29,McCluer South-Berkeley,20,Lutheran North,28
2011-10-29,Riverview Gardens,42,McCluer,47
2011-10-29,Brentwood,31,Principia with Whitfield,0
2011-10-29,John Burroughs,42,Priory,21
2011-10-29,McCluer North,43,Ritenour,6
2011-10-29,Sumner,0,Soldan International Studies,30
2011-10-29,Lutheran St. Charles,20,Veritas Christian Academy,50
2011-11-02,Hayti,8,Valle Catholic,44
2011-11-02,Lockwood,14,Miller,49
2011-11-02,Skyline,21,Greenfield,0
2011-11-02,Santa Fe,14,Tipton,56
2011-11-02,Sacred Heart,0,Concordia,62
2011-11-02,Midway,10,Osceola,13
2011-11-02,Archie,20,University Academy Charter with Ewing Marion Kauffman,6
2011-11-02,Knox County,8,South Shelby,39
2011-11-02,Louisiana,29,Scotland County,20
2011-11-02,Marceline,7,Salisbury,35
2011-11-02,Westran,39,Milan,0
2011-11-02,Polo,0,Wellington-Napoleon,22
2011-11-02,St. Mary's (Independence),0,South Harrison,58
2011-11-02,Albany,8,East Buchanan,48
2011-11-02,West Platte,20,King City,6
2011-11-02,Herculaneum,0,Caruthersville,48
2011-11-02,Carnahan,14,Brentwood,17
2011-11-02,Principia with Whitfield,0,Maplewood-Richmond Hts.,38
2011-11-02,Strafford,8,Liberty (Mountain View),49
2011-11-02,Willow Springs,13,Fair Grove,34
2011-11-02,Warsaw,0,Lamar,61
2011-11-02,Sarcoxie,6,El Dorado Springs,44
2011-11-02,Veritas Christian Academy,14,South Callaway,44
2011-11-02,Blair Oaks,48,Clopton,32
2011-11-02,Monroe City,24,Centralia,21
2011-11-02,Macon,21,Clark County,13
2011-11-02,Carrollton,0,Butler,30
2011-11-02,Adrian,0,Lafayette County,47
2011-11-02,Trenton,0,Lawson,39
2011-11-02,Hogan Prep Academy Charter,12,Penney,13
2011-11-02,Central (Park Hills),29,Dexter,28
2011-11-02,Fredericktown,14,Ste. Genevieve,48
2011-11-02,McCluer South-Berkeley,8,John Burroughs,28
2011-11-02,Priory,26,Lutheran North,33
2011-11-02,Southern Boone,38,Bowling Green,33
2011-11-02,Orchard Farm,35,North Callaway,54
2011-11-02,Eldon,0,Osage,35
2011-11-02,Owensville,14,Boonville,52
2011-11-02,Aurora,6,Logan-Rogersville,28
2011-11-02,Mountain Grove,7,Springfield Catholic,35
2011-11-02,Clinton,0,Cassville,35
2011-11-02,Monett,6,Pleasant Hill,14
2011-11-02,Lincoln College Prep,0,O'Hara,28
2011-11-02,Pembroke Hill,26,Renaissance Academy,50
2011-11-02,Chillicothe,8,Richmond,42
2011-11-02,Van Horn,0,Maryville,41
2011-11-02,DeSoto,16,Farmington,61
2011-11-02,Sikeston,32,Hillsboro,34
2011-11-02,"Miller Career Academy with Vashon, Sumner",42,Festus,14
2011-11-02,Windsor (Imperial),6,Gateway with Soldan International Studies,50
2011-11-02,Ladue Horton Watkins,58,Vashon,30
2011-11-02,Soldan International Studies,12,MICDS,47
2011-11-02,St. Charles West,29,Jennings,6
2011-11-02,Duchesne,7,St. Francis Borgia,42
2011-11-02,Republic,6,Union,28
2011-11-02,St. Clair,14,Hillcrest,41
2011-11-02,Bolivar,21,Webb City,35
2011-11-02,Carthage,17,Helias Catholic,20
2011-11-02,Grain Valley,17,Hannibal,26
2011-11-02,Moberly,0,Harrisonville,43
2011-11-02,Platte County,3,Kearney,16
2011-11-02,Liberty North,14,Savannah,35
2011-11-02,Webster Groves,34,Rockwood Summit,32
2011-11-02,McCluer,42,Seckman,7
2011-11-02,Vianney,7,Camdenton,24
2011-11-02,Waynesville,10,Holt,13
2011-11-02,Lebanon,6,Lee's Summit West,38
2011-11-02,Lee's Summit,17,Branson,21
2011-11-02,Winnetonka,14,Truman,0
2011-11-02,Central (St. Joseph),0,Raytown South,8
2011-11-04,De Smet Jesuit,35,Eureka,28
2011-11-04,Oakville,27,SLUH,57
2011-11-04,Hazelwood Central,0,Christian Brothers College,35
2011-11-04,Hickman,0,Francis Howell,31
2011-11-04,Pattonville,0,Ft. Zumwalt West,41
2011-11-04,Lee's Summit North,7,Blue Springs South,49
2011-11-04,Rock Bridge,9,Rockhurst,10
2011-11-05,Lafayette (Wildwood),14,McCluer North,37
2011-11-07,Valle Catholic,52,Thayer,21
2011-11-07,Skyline,54,Miller,34
2011-11-07,Concordia,58,Tipton,12
2011-11-07,Archie,33,Osceola,29
2011-11-07,Louisiana,7,South Shelby,21
2011-11-07,Westran,14,Salisbury,0
2011-11-07,South Harrison,14,Wellington-Napoleon,15
2011-11-07,Crystal City,20,Caruthersville,55
2011-11-07,Maplewood-Richmond Hts.,7,Brentwood,0
2011-11-07,Fair Grove,26,Liberty (Mountain View),61
2011-11-07,El Dorado Springs,6,Lamar,62
2011-11-07,Blair Oaks,14,South Callaway,8
2011-11-07,Macon,31,Monroe City,7
2011-11-07,Lafayette County,29,Butler,6
2011-11-07,Ste. Genevieve,30,Central (Park Hills),7
2011-11-07,Lutheran North,12,John Burroughs,42
2011-11-07,North Callaway,24,Southern Boone,0
2011-11-07,Boonville,20,Osage,38
2011-11-07,Springfield Catholic,14,Logan-Rogersville,34
2011-11-07,Pleasant Hill,12,Cassville,42
2011-11-07,Maryville,2,Richmond,21
2011-11-07,Hillsboro,7,Farmington,42
2011-11-07,Gateway with Soldan International Studies,52,"Miller Career Academy with Vashon, Sumner",14
2011-11-07,MICDS,31,Ladue Horton Watkins,21
2011-11-07,St. Francis Borgia,30,St. Charles West,10
2011-11-07,Hillcrest,28,Union,21
2011-11-07,Helias Catholic,21,Webb City,63
2011-11-07,Harrisonville,21,Hannibal,7
2011-11-07,Webster Groves,26,Parkway Central,42
2011-11-07,McCluer,14,Hazelwood East,25
2011-11-07,Camdenton,26,Ft. Zumwalt East,24
2011-11-07,Holt,0,Kirkwood,48
2011-11-07,Lee's Summit West,35,Glendale,28
2011-11-07,Branson,15,Nixa,41
2011-11-07,Winnetonka,3,Fort Osage,12
2011-11-07,Raytown South,6,Staley,45
2011-11-08,West Platte,14,East Buchanan,34
2011-11-08,Penney,27,Lawson,0
2011-11-08,Renaissance Academy,6,O'Hara,27
2011-11-08,Savannah,37,Kearney,16
2011-11-11,SLUH,47,De Smet Jesuit,46
2011-11-11,McCluer North,10,Christian Brothers College,31
2011-11-11,Ft. Zumwalt West,28,Francis Howell,49
2011-11-11,Rockhurst,7,Blue Springs South,28
2011-11-12,Skyline,8,Valle Catholic,41
2011-11-12,Archie,14,Concordia,60
2011-11-12,Westran,14,South Shelby,28
2011-11-12,East Buchanan,36,Wellington-Napoleon,29
2011-11-12,Maplewood-Richmond Hts.,36,Caruthersville,29
2011-11-12,Lamar,33,Liberty (Mountain View),18
2011-11-12,Macon,14,Blair Oaks,27
2011-11-12,Penney,0,Lafayette County,42
2011-11-12,John Burroughs,49,Ste. Genevieve,7
2011-11-12,Osage,63,North Callaway,21
2011-11-12,Cassville,7,Logan-Rogersville,28
2011-11-12,Richmond,51,O'Hara,7
2011-11-12,Gateway with Soldan International Studies,14,Farmington,31
2011-11-12,St. Francis Borgia,17,MICDS,39
2011-11-12,Webb City,49,Hillcrest,0
2011-11-12,Savannah,13,Harrisonville,6
2011-11-12,Hazelwood East,42,Parkway Central,15
2011-11-12,Kirkwood,46,Camdenton,18
2011-11-12,Nixa,3,Lee's Summit West,42
2011-11-12,Staley,7,Fort Osage,6
2011-11-18,Staley,76,Lee's Summit West,70
2011-11-18,Christian Brothers College,66,SLUH,28
2011-11-18,Blue Springs South,28,Francis Howell,21
2011-11-19,Concordia,6,Valle Catholic,14
2011-11-19,East Buchanan,26,South Shelby,39
2011-11-19,Lamar,20,Maplewood-Richmond Hts.,7
2011-11-19,Lafayette County,27,Blair Oaks,24
2011-11-19,Osage,14,John Burroughs,39
2011-11-19,Richmond,28,Logan-Rogersville,48
2011-11-19,MICDS,48,Farmington,14
2011-11-19,Savannah,24,Webb City,28
2011-11-19,Kirkwood,41,Hazelwood East,20
2011-11-24,Webster Groves,40,Kirkwood,14
2011-11-25,Lafayette County,19,Lamar,49
2011-11-25,Webb City,56,MICDS,42
2011-11-25,Blue Springs South,40,Christian Brothers College,37
2011-11-26,South Shelby,7,Valle Catholic,49
2011-11-26,Logan-Rogersville,21,John Burroughs,14
2011-11-26,Staley,35,Kirkwood,21
